<?xml version="1.0" encoding="utf-8"?>
<vector xmlns:android="http://schemas.android.com/apk/res/android" xmlns:app="http://schemas.android.com/apk/res-auto" xmlns:aapt="http://schemas.android.com/aapt" android:height="108dp" android:width="108dp" android:viewportWidth="108" android:viewportHeight="108">
    <group android:scaleX="0.84" android:scaleY="0.84" android:translateX="8.64" android:translateY="8.64">
        <group android:scaleX="0.84" android:scaleY="0.84" android:translateX="8.64" android:translateY="8.64">
            <group android:scaleX="1.86" android:scaleY="1.86" android:translateX="-46.44" android:translateY="-46.44">
                <group android:scaleX="0.65" android:scaleY="0.65" android:translateX="18.9" android:translateY="18.9">
                    <path android:fillColor="#ff4f42" android:pathData="M38.19,65.92L69.32,65.92a1.2,1.2 0,0 0,1.2 -1.2,0.89 0.89,0 0,0 0,-0.23 17,17 0,0 0,-33.25 0,1.18 1.18,0 0,0 0.9,1.42ZM74.53,69.05a0.85,0.85 0,0 0,-0.78 -0.84L34,68.21a0.85,0.85 0,0 0,-0.77 0.84v2.82a0.84,0.84 0,0 0,0.77 0.86L73.78,72.73a0.85,0.85 0,0 0,0.77 -0.86L74.55,70.65C74.55,70.24 74.56,69.58 74.53,69.05ZM52.08,49h3.59a1.86,1.86 0,0 0,0 -3.72L52.08,45.28a1.86,1.86 0,0 0,0 3.72ZM53.87,39.81a1.19,1.19 0,0 0,1.19 -1.19L55.06,32.87a1.19,1.19 0,0 0,-2.38 0v5.71a1.19,1.19 0,0 0,1.19 1.19h0ZM61.69,41l4.62,-3.35a1.19,1.19 0,1 0,-1.4 -1.93L60.29,39A1.2,1.2 0,0 0,60 40.67a1.18,1.18 0,0 0,1.66 0.26ZM41.69,37.65L46.31,41a1.2,1.2 0,0 0,1.35 -2L43,35.66a1.19,1.19 0,0 0,-1.66 0.26,1.2 1.2,0 0,0 0.3,1.67Z"/>
                </group>
            </group>
        </group>
    </group>
</vector>
